asv_id	env
ASV_1	Lagoon-Stream
ASV_2	Lagoon-Stream
ASV_5	Lagoon-Stream
ASV_7	Lagoon-Stream
ASV_8	Lagoon-Stream
ASV_9	Lagoon-Stream
ASV_10	Lagoon-Stream
ASV_11	Lagoon-Stream
ASV_13	Lagoon-Stream
ASV_15	Lagoon-Stream
ASV_16	Lagoon-Stream
ASV_17	Lagoon-Stream
ASV_18	Lagoon-Stream
ASV_20	Lagoon-Stream
ASV_22	Lagoon-Stream
ASV_24	Lagoon-Stream
ASV_25	Lagoon-Stream
ASV_26	Lagoon-Stream
ASV_27	Lagoon-Stream
ASV_28	Lagoon-Stream
ASV_29	Lagoon-Stream
ASV_31	Lagoon-Stream
ASV_33	Lagoon-Stream
ASV_34	Lagoon-Stream
ASV_37	Lagoon-Stream
ASV_38	Lagoon-Stream
ASV_39	Lagoon-Stream
ASV_40	Lagoon-Stream
ASV_43	Lagoon-Stream
ASV_48	Lagoon-Stream
ASV_49	Lagoon-Stream
ASV_53	Lagoon
ASV_55	Lagoon-Stream
ASV_57	Lagoon-Stream
ASV_59	Lagoon-Stream
ASV_62	Lagoon-Stream
ASV_63	Lagoon-Stream
ASV_71	Lagoon-Stream
ASV_73	Lagoon-Stream
ASV_74	Lagoon-Stream
ASV_75	Lagoon-Stream
ASV_76	Lagoon-Stream
ASV_78	Lagoon-Stream
ASV_80	Lagoon-Stream
ASV_84	Lagoon-Stream
ASV_85	Lagoon-Stream
ASV_86	Lagoon-Stream
ASV_87	Lagoon-Stream
ASV_92	Lagoon
ASV_94	Lagoon-Stream
ASV_96	Lagoon-Stream
ASV_97	Lagoon-Stream
ASV_109	Lagoon-Stream
ASV_112	Lagoon-Stream
ASV_114	Lagoon-Stream
ASV_120	Lagoon-Stream
ASV_124	Lagoon-Stream
ASV_127	Lagoon-Stream
ASV_133	Lagoon-Stream
ASV_135	Lagoon-Stream
ASV_137	Lagoon-Stream
ASV_138	Lagoon-Stream
ASV_140	Lagoon
ASV_141	Lagoon-Stream
ASV_143	Lagoon
ASV_144	Lagoon-Stream
ASV_148	Lagoon
ASV_154	Lagoon-Stream
ASV_155	Lagoon-Stream
ASV_156	Lagoon-Stream
ASV_164	Lagoon-Stream
ASV_173	Lagoon-Stream
ASV_179	Lagoon-Stream
ASV_185	Lagoon
ASV_188	Lagoon-Stream
ASV_199	Lagoon-Stream
ASV_210	Lagoon-Stream
ASV_211	Lagoon-Stream
ASV_212	Lagoon-Stream
ASV_227	Lagoon
ASV_234	Lagoon-Stream
ASV_273	Lagoon-Stream
ASV_274	Lagoon-Stream
ASV_282	Lagoon-Stream
ASV_283	Lagoon-Stream
ASV_284	Lagoon-Stream
ASV_285	Lagoon-Stream
ASV_294	Lagoon-Stream
ASV_295	Lagoon
ASV_296	Lagoon-Stream
ASV_312	Lagoon-Stream
ASV_313	Lagoon-Stream
ASV_332	Lagoon-Stream
ASV_333	Lagoon-Stream
ASV_346	Lagoon-Stream
ASV_347	Lagoon
ASV_348	Lagoon
ASV_349	Lagoon-Stream
ASV_361	Lagoon
ASV_362	Lagoon-Stream
ASV_363	Lagoon-Stream
ASV_364	Lagoon-Stream
ASV_365	Lagoon-Stream
ASV_366	Lagoon-Stream
ASV_386	Lagoon-Stream
ASV_387	Lagoon-Stream
ASV_388	Lagoon-Stream
ASV_389	Lagoon-Stream
ASV_409	Lagoon-Stream
ASV_410	Lagoon-Stream
ASV_411	Lagoon-Stream
ASV_412	Lagoon-Stream
ASV_439	Lagoon
ASV_440	Lagoon-Stream
ASV_441	Lagoon-Stream
ASV_442	Lagoon-Stream
ASV_466	Lagoon-Stream
ASV_467	Lagoon-Stream
ASV_498	Lagoon-Stream
ASV_499	Lagoon-Stream
ASV_500	Lagoon-Stream
ASV_501	Lagoon-Stream
ASV_562	Lagoon
ASV_563	Lagoon-Stream
ASV_564	Lagoon
ASV_565	Lagoon
ASV_566	Lagoon
ASV_567	Lagoon-Stream
ASV_618	Lagoon
ASV_665	Lagoon-Stream
ASV_666	Lagoon-Stream
ASV_667	Lagoon-Stream
ASV_725	Lagoon-Stream
ASV_726	Lagoon
ASV_792	Lagoon-Stream
ASV_793	Lagoon
ASV_861	Lagoon
ASV_918	Lagoon
ASV_3	Lagoon-Stream
ASV_4	Lagoon-Stream
ASV_6	Lagoon-Stream
ASV_12	Lagoon-Stream
ASV_14	Lagoon-Stream
ASV_19	Lagoon-Stream
ASV_23	Lagoon-Stream
ASV_30	Lagoon-Stream
ASV_32	Lagoon-Stream
ASV_36	Lagoon-Stream
ASV_41	Lagoon-Stream
ASV_42	Lagoon-Stream
ASV_44	Lagoon-Stream
ASV_45	Lagoon-Stream
ASV_47	Lagoon-Stream
ASV_52	Lagoon-Stream
ASV_54	Lagoon-Stream
ASV_61	Lagoon-Stream
ASV_64	Lagoon-Stream
ASV_65	Lagoon-Stream
ASV_69	Lagoon-Stream
ASV_88	Lagoon-Stream
ASV_90	Lagoon-Stream
ASV_91	Lagoon-Stream
ASV_95	Stream
ASV_99	Lagoon-Stream
ASV_102	Lagoon-Stream
ASV_103	Lagoon-Stream
ASV_115	Lagoon-Stream
ASV_119	Lagoon-Stream
ASV_121	Lagoon-Stream
ASV_122	Lagoon-Stream
ASV_125	Lagoon-Stream
ASV_130	Lagoon-Stream
ASV_131	Lagoon-Stream
ASV_132	Lagoon-Stream
ASV_136	Lagoon-Stream
ASV_142	Lagoon-Stream
ASV_145	Lagoon-Stream
ASV_146	Lagoon-Stream
ASV_149	Lagoon-Stream
ASV_150	Lagoon-Stream
ASV_157	Lagoon-Stream
ASV_158	Lagoon-Stream
ASV_159	Stream
ASV_165	Lagoon-Stream
ASV_166	Stream
ASV_167	Lagoon-Stream
ASV_170	Lagoon-Stream
ASV_174	Lagoon-Stream
ASV_180	Lagoon-Stream
ASV_189	Lagoon-Stream
ASV_190	Lagoon-Stream
ASV_191	Lagoon-Stream
ASV_202	Lagoon-Stream
ASV_203	Lagoon-Stream
ASV_213	Lagoon-Stream
ASV_214	Stream
ASV_215	Stream
ASV_219	Lagoon-Stream
ASV_220	Lagoon-Stream
ASV_221	Lagoon-Stream
ASV_228	Stream
ASV_229	Stream
ASV_230	Lagoon-Stream
ASV_235	Lagoon-Stream
ASV_236	Lagoon-Stream
ASV_237	Lagoon-Stream
ASV_238	Lagoon-Stream
ASV_246	Lagoon-Stream
ASV_257	Lagoon-Stream
ASV_258	Lagoon-Stream
ASV_259	Lagoon-Stream
ASV_260	Lagoon-Stream
ASV_275	Lagoon-Stream
ASV_276	Lagoon-Stream
ASV_286	Lagoon-Stream
ASV_287	Lagoon-Stream
ASV_288	Lagoon-Stream
ASV_289	Stream
ASV_290	Stream
ASV_314	Lagoon-Stream
ASV_315	Lagoon-Stream
ASV_316	Lagoon-Stream
ASV_317	Lagoon-Stream
ASV_318	Stream
ASV_334	Lagoon-Stream
ASV_335	Lagoon-Stream
ASV_336	Lagoon-Stream
ASV_350	Stream
ASV_351	Lagoon-Stream
ASV_352	Stream
ASV_353	Lagoon-Stream
ASV_354	Lagoon-Stream
ASV_367	Lagoon-Stream
ASV_368	Lagoon-Stream
ASV_369	Lagoon-Stream
ASV_390	Lagoon-Stream
ASV_391	Lagoon-Stream
ASV_392	Lagoon-Stream
ASV_393	Lagoon-Stream
ASV_394	Lagoon-Stream
ASV_395	Stream
ASV_413	Stream
ASV_414	Lagoon-Stream
ASV_415	Stream
ASV_416	Stream
ASV_417	Lagoon-Stream
ASV_418	Lagoon-Stream
ASV_443	Stream
ASV_444	Lagoon-Stream
ASV_445	Lagoon-Stream
ASV_446	Stream
ASV_468	Stream
ASV_469	Lagoon-Stream
ASV_470	Lagoon-Stream
ASV_471	Stream
ASV_472	Lagoon-Stream
ASV_473	Lagoon-Stream
ASV_502	Stream
ASV_503	Lagoon-Stream
ASV_529	Stream
ASV_530	Lagoon-Stream
ASV_531	Stream
ASV_532	Lagoon-Stream
ASV_533	Stream
ASV_568	Stream
ASV_569	Lagoon-Stream
ASV_570	Lagoon-Stream
ASV_571	Stream
ASV_572	Stream
ASV_573	Stream
ASV_574	Lagoon-Stream
ASV_575	Stream
ASV_576	Stream
ASV_619	Stream
ASV_620	Stream
ASV_621	Stream
ASV_622	Stream
ASV_623	Stream
ASV_624	Stream
ASV_668	Stream
ASV_669	Stream
ASV_670	Lagoon-Stream
ASV_671	Stream
ASV_672	Stream
ASV_673	Lagoon-Stream
ASV_674	Stream
ASV_675	Stream
ASV_676	Stream
ASV_677	Stream
ASV_678	Lagoon-Stream
ASV_727	Stream
ASV_728	Stream
ASV_729	Stream
ASV_730	Stream
ASV_731	Stream
ASV_732	Stream
ASV_733	Stream
ASV_734	Lagoon-Stream
ASV_735	Lagoon-Stream
ASV_736	Stream
ASV_737	Stream
ASV_794	Stream
ASV_795	Stream
ASV_796	Stream
ASV_797	Stream
ASV_798	Stream
ASV_799	Stream
ASV_800	Stream
ASV_801	Stream
ASV_862	Stream
ASV_863	Stream
ASV_864	Stream
ASV_865	Stream
ASV_866	Stream
ASV_919	Stream
ASV_35	Lagoon-Stream
ASV_50	Lagoon-Stream
ASV_70	Lagoon-Stream
ASV_72	Lagoon-Stream
ASV_79	Lagoon-Stream
ASV_100	Lagoon-Stream
ASV_107	Lagoon-Stream
ASV_116	Stream
ASV_123	Lagoon-Stream
ASV_126	Stream
ASV_147	Lagoon-Stream
ASV_151	Lagoon-Stream
ASV_152	Lagoon-Stream
ASV_160	Lagoon-Stream
ASV_161	Lagoon-Stream
ASV_171	Stream
ASV_181	Stream
ASV_186	Lagoon-Stream
ASV_192	Stream
ASV_193	Lagoon-Stream
ASV_204	Lagoon-Stream
ASV_205	Stream
ASV_216	Stream
ASV_222	Stream
ASV_223	Stream
ASV_224	Stream
ASV_225	Lagoon-Stream
ASV_239	Lagoon-Stream
ASV_240	Stream
ASV_247	Lagoon-Stream
ASV_248	Lagoon-Stream
ASV_261	Lagoon-Stream
ASV_262	Lagoon-Stream
ASV_277	Lagoon-Stream
ASV_291	Lagoon-Stream
ASV_297	Lagoon-Stream
ASV_298	Stream
ASV_299	Lagoon-Stream
ASV_300	Stream
ASV_301	Lagoon-Stream
ASV_319	Lagoon-Stream
ASV_320	Stream
ASV_321	Lagoon-Stream
ASV_337	Lagoon-Stream
ASV_355	Stream
ASV_370	Lagoon-Stream
ASV_371	Lagoon-Stream
ASV_396	Stream
ASV_397	Stream
ASV_398	Lagoon-Stream
ASV_419	Lagoon-Stream
ASV_420	Stream
ASV_421	Lagoon-Stream
ASV_422	Stream
ASV_423	Lagoon-Stream
ASV_424	Lagoon-Stream
ASV_447	Lagoon-Stream
ASV_448	Lagoon-Stream
ASV_449	Lagoon-Stream
ASV_450	Lagoon-Stream
ASV_451	Lagoon-Stream
ASV_452	Lagoon-Stream
ASV_474	Lagoon-Stream
ASV_475	Lagoon-Stream
ASV_476	Lagoon-Stream
ASV_477	Lagoon-Stream
ASV_478	Lagoon-Stream
ASV_479	Lagoon-Stream
ASV_480	Lagoon-Stream
ASV_504	Lagoon-Stream
ASV_505	Stream
ASV_506	Stream
ASV_534	Lagoon-Stream
ASV_535	Lagoon-Stream
ASV_536	Stream
ASV_577	Lagoon-Stream
ASV_578	Lagoon-Stream
ASV_579	Lagoon-Stream
ASV_580	Stream
ASV_581	Lagoon-Stream
ASV_582	Stream
ASV_583	Stream
ASV_584	Lagoon-Stream
ASV_585	Lagoon-Stream
ASV_625	Stream
ASV_626	Stream
ASV_627	Stream
ASV_628	Lagoon-Stream
ASV_629	Stream
ASV_630	Stream
ASV_679	Stream
ASV_680	Stream
ASV_681	Stream
ASV_682	Stream
ASV_683	Stream
ASV_684	Lagoon-Stream
ASV_685	Lagoon-Stream
ASV_738	Lagoon-Stream
ASV_739	Lagoon-Stream
ASV_740	Lagoon-Stream
ASV_802	Lagoon-Stream
ASV_803	Stream
ASV_804	Stream
ASV_805	Lagoon-Stream
ASV_806	Lagoon-Stream
ASV_867	Stream
ASV_868	Stream
ASV_869	Stream
ASV_870	Stream
ASV_871	Lagoon-Stream
ASV_920	Stream
ASV_921	Stream
ASV_922	Stream
ASV_923	Stream
ASV_924	Stream
ASV_110	Stream
ASV_117	Stream
ASV_128	Lagoon-Stream
ASV_175	Lagoon-Stream
ASV_182	Lagoon-Stream
ASV_194	Lagoon-Stream
ASV_217	Lagoon-Stream
ASV_249	Lagoon-Stream
ASV_302	Stream
ASV_338	Lagoon-Stream
ASV_339	Lagoon-Stream
ASV_399	Lagoon-Stream
ASV_425	Lagoon-Stream
ASV_453	Lagoon-Stream
ASV_481	Lagoon-Stream
ASV_482	Lagoon-Stream
ASV_507	Lagoon-Stream
ASV_537	Lagoon-Stream
ASV_538	Stream
ASV_586	Lagoon-Stream
ASV_631	Stream
ASV_632	Lagoon-Stream
ASV_633	Lagoon-Stream
ASV_634	Stream
ASV_686	Lagoon-Stream
ASV_687	Stream
ASV_741	Stream
ASV_742	Stream
ASV_807	Stream
ASV_808	Stream
ASV_809	Stream
ASV_872	Stream
ASV_873	Stream
ASV_874	Stream
ASV_172	Lagoon-Stream
ASV_508	Lagoon-Stream
ASV_509	Lagoon-Stream
ASV_875	Lagoon
ASV_46	Lagoon
ASV_66	Lagoon-Stream
ASV_67	Lagoon-Stream
ASV_104	Lagoon
ASV_105	Lagoon-Stream
ASV_139	Lagoon-Stream
ASV_153	Lagoon-Stream
ASV_168	Lagoon-Stream
ASV_176	Lagoon-Stream
ASV_183	Lagoon-Stream
ASV_200	Lagoon
ASV_206	Lagoon-Stream
ASV_241	Lagoon
ASV_242	Lagoon-Stream
ASV_243	Lagoon-Stream
ASV_250	Lagoon
ASV_263	Lagoon-Stream
ASV_278	Lagoon
ASV_279	Lagoon-Stream
ASV_280	Lagoon-Stream
ASV_303	Lagoon-Stream
ASV_304	Lagoon
ASV_305	Lagoon
ASV_322	Lagoon
ASV_323	Lagoon
ASV_324	Lagoon-Stream
ASV_325	Lagoon-Stream
ASV_326	Lagoon
ASV_340	Lagoon-Stream
ASV_356	Lagoon-Stream
ASV_372	Lagoon
ASV_373	Lagoon-Stream
ASV_400	Lagoon-Stream
ASV_401	Lagoon-Stream
ASV_426	Lagoon
ASV_427	Lagoon
ASV_454	Lagoon-Stream
ASV_455	Lagoon-Stream
ASV_456	Lagoon
ASV_483	Lagoon
ASV_484	Lagoon
ASV_485	Lagoon
ASV_510	Lagoon
ASV_511	Lagoon-Stream
ASV_512	Lagoon-Stream
ASV_539	Lagoon
ASV_540	Lagoon
ASV_587	Lagoon
ASV_588	Lagoon
ASV_589	Lagoon
ASV_590	Lagoon
ASV_591	Lagoon-Stream
ASV_635	Lagoon
ASV_636	Lagoon
ASV_637	Lagoon-Stream
ASV_688	Lagoon
ASV_689	Lagoon
ASV_690	Lagoon
ASV_691	Lagoon
ASV_692	Lagoon
ASV_693	Lagoon-Stream
ASV_694	Lagoon-Stream
ASV_695	Lagoon-Stream
ASV_743	Lagoon
ASV_744	Lagoon
ASV_745	Lagoon
ASV_810	Lagoon
ASV_811	Lagoon
ASV_812	Lagoon
ASV_813	Lagoon
ASV_814	Lagoon
ASV_876	Lagoon
ASV_877	Lagoon
ASV_925	Lagoon
ASV_101	Lagoon-Stream
ASV_106	Lagoon-Stream
ASV_177	Lagoon-Stream
ASV_251	Lagoon-Stream
ASV_264	Lagoon
ASV_357	Lagoon-Stream
ASV_358	Lagoon-Stream
ASV_374	Lagoon-Stream
ASV_457	Lagoon-Stream
ASV_486	Lagoon
ASV_487	Lagoon
ASV_513	Lagoon-Stream
ASV_514	Lagoon
ASV_541	Lagoon
ASV_542	Lagoon
ASV_543	Lagoon-Stream
ASV_544	Lagoon-Stream
ASV_592	Lagoon
ASV_638	Lagoon-Stream
ASV_639	Lagoon
ASV_640	Lagoon-Stream
ASV_696	Lagoon
ASV_697	Lagoon
ASV_698	Lagoon-Stream
ASV_746	Lagoon
ASV_747	Lagoon-Stream
ASV_748	Lagoon
ASV_749	Lagoon
ASV_815	Lagoon
ASV_878	Lagoon
ASV_879	Lagoon
ASV_51	Lagoon-Stream
ASV_56	Lagoon-Stream
ASV_113	Lagoon
ASV_162	Lagoon-Stream
ASV_184	Lagoon-Stream
ASV_195	Lagoon
ASV_252	Lagoon
ASV_306	Lagoon-Stream
ASV_327	Lagoon
ASV_359	Lagoon-Stream
ASV_375	Lagoon-Stream
ASV_376	Lagoon
ASV_377	Lagoon-Stream
ASV_515	Lagoon-Stream
ASV_545	Lagoon
ASV_546	Lagoon
ASV_593	Lagoon
ASV_594	Lagoon-Stream
ASV_641	Lagoon
ASV_699	Lagoon-Stream
ASV_750	Lagoon
ASV_751	Lagoon-Stream
ASV_752	Lagoon-Stream
ASV_753	Lagoon-Stream
ASV_816	Lagoon
ASV_817	Lagoon-Stream
ASV_926	Lagoon
ASV_927	Lagoon
ASV_58	Lagoon-Stream
ASV_108	Stream
ASV_196	Stream
ASV_253	Lagoon-Stream
ASV_307	Stream
ASV_308	Lagoon-Stream
ASV_328	Lagoon-Stream
ASV_402	Lagoon-Stream
ASV_428	Stream
ASV_458	Stream
ASV_488	Stream
ASV_489	Stream
ASV_490	Stream
ASV_516	Stream
ASV_517	Stream
ASV_547	Stream
ASV_595	Stream
ASV_642	Stream
ASV_643	Stream
ASV_700	Lagoon-Stream
ASV_701	Stream
ASV_702	Stream
ASV_703	Stream
ASV_754	Stream
ASV_818	Stream
ASV_819	Stream
ASV_928	Stream
ASV_68	Lagoon-Stream
ASV_89	Lagoon-Stream
ASV_178	Lagoon-Stream
ASV_201	Lagoon-Stream
ASV_244	Stream
ASV_245	Stream
ASV_254	Stream
ASV_265	Lagoon-Stream
ASV_281	Lagoon-Stream
ASV_341	Lagoon-Stream
ASV_378	Lagoon-Stream
ASV_459	Stream
ASV_548	Stream
ASV_596	Lagoon-Stream
ASV_597	Lagoon-Stream
ASV_704	Stream
ASV_755	Lagoon-Stream
ASV_820	Stream
ASV_821	Stream
ASV_822	Lagoon-Stream
ASV_880	Stream
ASV_881	Stream
ASV_929	Stream
ASV_81	Lagoon-Stream
ASV_197	Lagoon-Stream
ASV_207	Lagoon-Stream
ASV_226	Lagoon-Stream
ASV_231	Lagoon-Stream
ASV_232	Lagoon-Stream
ASV_342	Lagoon-Stream
ASV_379	Lagoon-Stream
ASV_429	Lagoon-Stream
ASV_460	Lagoon-Stream
ASV_491	Lagoon-Stream
ASV_518	Lagoon-Stream
ASV_519	Lagoon-Stream
ASV_549	Lagoon-Stream
ASV_550	Stream
ASV_644	Stream
ASV_645	Stream
ASV_705	Stream
ASV_706	Stream
ASV_756	Stream
ASV_757	Stream
ASV_758	Stream
ASV_759	Stream
ASV_760	Stream
ASV_823	Stream
ASV_824	Stream
ASV_882	Stream
ASV_930	Stream
ASV_931	Stream
ASV_77	Lagoon-Stream
ASV_111	Stream
ASV_198	Lagoon-Stream
ASV_208	Lagoon-Stream
ASV_380	Stream
ASV_381	Stream
ASV_403	Stream
ASV_461	Stream
ASV_520	Stream
ASV_521	Lagoon-Stream
ASV_551	Stream
ASV_646	Stream
ASV_707	Stream
ASV_761	Stream
ASV_762	Stream
ASV_825	Stream
ASV_883	Stream
ASV_884	Lagoon-Stream
ASV_885	Lagoon-Stream
ASV_886	Lagoon-Stream
ASV_932	Stream
ASV_329	Lagoon-Stream
ASV_430	Lagoon
ASV_598	Lagoon
ASV_826	Lagoon
ASV_887	Lagoon
ASV_933	Lagoon
ASV_233	Lagoon-Stream
ASV_266	Lagoon-Stream
ASV_462	Lagoon-Stream
ASV_599	Lagoon-Stream
ASV_600	Lagoon-Stream
ASV_647	Lagoon-Stream
ASV_763	Lagoon-Stream
ASV_764	Lagoon-Stream
ASV_765	Lagoon-Stream
ASV_827	Lagoon-Stream
ASV_888	Lagoon-Stream
ASV_889	Lagoon-Stream
ASV_934	Lagoon
ASV_935	Lagoon
ASV_936	Lagoon
ASV_937	Lagoon
ASV_938	Lagoon
ASV_939	Lagoon
ASV_98	Lagoon-Stream
ASV_255	Lagoon-Stream
ASV_267	Lagoon-Stream
ASV_292	Lagoon-Stream
ASV_330	Lagoon-Stream
ASV_404	Lagoon-Stream
ASV_405	Lagoon-Stream
ASV_492	Lagoon-Stream
ASV_601	Lagoon-Stream
ASV_648	Lagoon
ASV_708	Lagoon
ASV_766	Lagoon-Stream
ASV_940	Lagoon
ASV_828	Stream
ASV_93	Stream
ASV_209	Stream
ASV_431	Lagoon-Stream
ASV_493	Stream
ASV_552	Stream
ASV_602	Stream
ASV_603	Lagoon-Stream
ASV_604	Stream
ASV_605	Stream
ASV_767	Lagoon-Stream
ASV_768	Stream
ASV_829	Stream
ASV_830	Stream
ASV_890	Stream
ASV_891	Stream
ASV_892	Stream
ASV_941	Stream
ASV_942	Stream
ASV_553	Stream
ASV_649	Stream
ASV_769	Stream
ASV_831	Stream
ASV_832	Lagoon-Stream
ASV_893	Stream
ASV_943	Stream
ASV_944	Stream
ASV_945	Stream
ASV_946	Stream
ASV_947	Stream
ASV_948	Stream
ASV_134	Stream
ASV_382	Stream
ASV_432	Lagoon-Stream
ASV_949	Stream
ASV_950	Stream
ASV_951	Stream
ASV_83	Lagoon-Stream
ASV_383	Stream
ASV_433	Stream
ASV_522	Stream
ASV_554	Stream
ASV_555	Stream
ASV_709	Stream
ASV_710	Lagoon-Stream
ASV_770	Stream
ASV_833	Stream
ASV_834	Stream
ASV_952	Stream
ASV_953	Stream
ASV_60	Lagoon-Stream
ASV_82	Lagoon-Stream
ASV_129	Lagoon-Stream
ASV_163	Lagoon-Stream
ASV_169	Lagoon-Stream
ASV_256	Lagoon-Stream
ASV_268	Lagoon-Stream
ASV_269	Lagoon-Stream
ASV_270	Lagoon-Stream
ASV_309	Lagoon-Stream
ASV_331	Lagoon-Stream
ASV_343	Lagoon-Stream
ASV_344	Lagoon
ASV_406	Lagoon
ASV_434	Lagoon
ASV_435	Lagoon-Stream
ASV_463	Lagoon-Stream
ASV_523	Lagoon-Stream
ASV_556	Lagoon-Stream
ASV_557	Lagoon
ASV_606	Lagoon
ASV_607	Lagoon
ASV_608	Lagoon
ASV_650	Lagoon
ASV_651	Lagoon
ASV_652	Lagoon
ASV_653	Lagoon-Stream
ASV_711	Lagoon
ASV_712	Lagoon
ASV_713	Lagoon-Stream
ASV_714	Lagoon-Stream
ASV_715	Lagoon-Stream
ASV_716	Lagoon-Stream
ASV_771	Lagoon
ASV_772	Lagoon
ASV_773	Lagoon
ASV_774	Lagoon
ASV_775	Lagoon
ASV_776	Lagoon-Stream
ASV_777	Lagoon-Stream
ASV_835	Lagoon
ASV_836	Lagoon
ASV_837	Lagoon
ASV_838	Lagoon-Stream
ASV_839	Lagoon
ASV_840	Lagoon
ASV_841	Lagoon
ASV_842	Lagoon-Stream
ASV_843	Lagoon
ASV_844	Lagoon-Stream
ASV_845	Lagoon-Stream
ASV_846	Lagoon-Stream
ASV_847	Lagoon
ASV_894	Lagoon
ASV_895	Lagoon
ASV_896	Lagoon
ASV_897	Lagoon
ASV_898	Lagoon
ASV_899	Lagoon
ASV_954	Lagoon
ASV_494	Lagoon-Stream
ASV_524	Lagoon-Stream
ASV_558	Lagoon-Stream
ASV_609	Lagoon
ASV_610	Lagoon-Stream
ASV_778	Lagoon-Stream
ASV_779	Lagoon-Stream
ASV_900	Lagoon
ASV_901	Lagoon
ASV_902	Lagoon
ASV_903	Lagoon
ASV_904	Lagoon
ASV_905	Lagoon
ASV_906	Lagoon
ASV_955	Lagoon
ASV_956	Lagoon
ASV_21	Lagoon-Stream
ASV_611	Lagoon-Stream
ASV_717	Lagoon-Stream
ASV_848	Lagoon-Stream
ASV_907	Lagoon
ASV_908	Lagoon
ASV_957	Lagoon
ASV_958	Lagoon
ASV_118	Stream
ASV_187	Stream
ASV_218	Stream
ASV_271	Stream
ASV_272	Stream
ASV_310	Stream
ASV_311	Stream
ASV_384	Stream
ASV_436	Stream
ASV_464	Stream
ASV_495	Stream
ASV_496	Stream
ASV_525	Stream
ASV_526	Stream
ASV_612	Stream
ASV_613	Stream
ASV_654	Stream
ASV_655	Stream
ASV_656	Stream
ASV_780	Stream
ASV_781	Stream
ASV_849	Stream
ASV_850	Stream
ASV_851	Stream
ASV_909	Stream
ASV_360	Stream
ASV_407	Stream
ASV_527	Stream
ASV_657	Stream
ASV_658	Stream
ASV_718	Stream
ASV_719	Stream
ASV_720	Stream
ASV_782	Stream
ASV_783	Stream
ASV_784	Stream
ASV_785	Stream
ASV_910	Stream
ASV_959	Stream
ASV_559	Stream
ASV_659	Stream
ASV_721	Stream
ASV_852	Stream
ASV_853	Stream
ASV_911	Stream
ASV_912	Stream
ASV_913	Stream
ASV_960	Stream
ASV_293	Stream
ASV_345	Stream
ASV_385	Stream
ASV_408	Stream
ASV_437	Stream
ASV_438	Stream
ASV_465	Stream
ASV_497	Stream
ASV_528	Stream
ASV_560	Stream
ASV_614	Stream
ASV_615	Stream
ASV_616	Stream
ASV_660	Stream
ASV_661	Stream
ASV_662	Stream
ASV_663	Stream
ASV_722	Stream
ASV_723	Stream
ASV_786	Stream
ASV_787	Stream
ASV_788	Stream
ASV_789	Stream
ASV_854	Stream
ASV_855	Stream
ASV_856	Stream
ASV_857	Lagoon-Stream
ASV_858	Stream
ASV_914	Stream
ASV_961	Lagoon
ASV_962	Lagoon
ASV_561	Stream
ASV_617	Stream
ASV_664	Stream
ASV_724	Stream
ASV_790	Stream
ASV_791	Stream
ASV_859	Stream
ASV_915	Stream
ASV_963	Stream
ASV_860	Stream
ASV_916	Stream
ASV_917	Stream
ASV_964	Stream
